r2_lin,rmse_lin,r2_rf,rmse_rf
0.995583748686596,2.7934803324502004,0.9992848895276003,1.124100904570095
