r2_no_fe,rmse_no_fe,r2_fe,rmse_fe
0.9811245508578232,5.792187590570366,0.9810858388062857,5.798124207293604
